0.0082415547221899,0.25090050697327,0.040082182735205,-0.039837449789047,0.0057796565815806,0.057345796376467,0.052483502775431,0.012767104431987,-0.037894170731306,0.13678947091103,0.093234919011593,-0.13007269799709,0.043550383299589,-0.005336201749742,0.044663030654192,0.048716936260462,0.072836495935917,0.18507485091686,-0.098506286740303,-0.080705337226391,0.12107720971107,-0.046793252229691,0.034965213388205,-0.034930843859911,0.047911308705807,-0.056676268577576,-0.088181227445602,0.02103316783905,0.2248312830925,0.041006114333868,0.037203215062618,0.10083805024624,-0.0075589772313833,0.047113992273808,0.070402510464191,-0.06157299131155,0.038791324943304,0.1884698420763,0.091671876609325,-0.064102098345757,-0.080601505935192,0.0059084217064083,0.034300852566957,0.038789082318544,-0.027231886982918,-0.073224723339081,0.051988318562508,0.014967548660934,-0.18214143812656,-0.092243783175945,0.02437119372189,0.1367359161377,-0.13397811353207,-0.0086391698569059,-0.077406398952007,0.040747813880444,0.038504090160131,0.017584508284926,-0.021878017112613,-0.14254266023636,-0.076042801141739,-0.095462448894978,0.089729979634285,-0.093877919018269,0.061320848762989,0.096474446356297,-0.043704085052013,0.0081991143524647,-0.10598235577345,0.14476495981216,0.0071269725449383,0.013667372986674,-0.035528123378754,0.031664781272411,-0.042542077600956,-0.16101382672787,0.00061351689510047,0.047842014580965,-0.0017689584055915,-0.15614292025566,-0.080602563917637,0.10368776321411,-0.021936845034361,-0.057919025421143,0.026142712682486,-0.065991170704365,-0.057686615735292,-0.0070871920324862,0.14255234599113,0.062645994126797,0.056107103824615,-0.10670445859432,-0.083185024559498,-0.060112729668617,0.14409032464027,-0.067819677293301,-0.019891569390893,0.15563280880451,-0.081851221621037,0.044303100556135,-0.022517459467053,0.039051990956068,-0.0038927216082811,0.14265701174736,-0.0043556499294937,0.056047584861517,0.033345621079206,0.010881065391004,0.25650545954704,-0.16112859547138,-0.062278442084789,0.092856839299202,-0.10200767964125,0.1110308021307,0.19123306870461,-0.08218078315258,0.0055304961279035,-0.12347080558538,0.12844777107239,0.015507320873439,0.045860093086958,0.024583013728261,0.027360213920474,0.086730487644672,0.05405542999506,-0.064918875694275,0.10967948287725,-0.047440189868212
-0.048465147614479,0.25132542848587,0.053541447967291,-0.061003211885691,-0.03787450492382,0.059263914823532,0.055824995040894,0.051544830203056,-0.0014331282582134,0.19484888017178,0.11086070537567,-0.11689390987158,0.066041260957718,-0.054889503866434,0.037272408604622,0.04128085821867,0.01745767891407,0.18635450303555,-0.12992203235626,-0.09185753017664,0.10451923310757,-0.069512598216534,0.02266332693398,0.038690593093634,0.012820551171899,-0.030885145068169,-0.05196138843894,-0.021000918000937,0.2384594976902,0.015724284574389,0.046100195497274,0.073559388518333,0.0065214079804718,0.047946479171515,0.039699535816908,-0.078736916184425,0.018550455570221,0.20807625353336,0.045813128352165,-0.0080004818737507,-0.052224680781364,-0.05168329924345,-0.014691029675305,0.080402210354805,-0.031296528875828,-0.11258975416422,0.057278756052256,0.018455892801285,-0.1838411539793,-0.1195086017251,0.047523763030767,0.10940805077553,-0.14382842183113,-0.029143016785383,-0.07931312173605,0.091209456324577,0.039777874946594,0.031524196267128,0.0071563771925867,-0.15323171019554,-0.10711838304996,-0.12307842075825,0.090801268815994,-0.057043422013521,0.059528853744268,0.073619142174721,-0.028300415724516,-0.014770170673728,-0.10038762539625,0.1299467086792,-0.022522060200572,0.00013655314978678,-0.042392008006573,0.036941941827536,0.013140647672117,-0.16727605462074,-0.04182044044137,0.10620556026697,0.0020045223645866,-0.14683082699776,-0.10331746935844,0.081296801567078,-0.0037849452346563,-0.041254308074713,-0.0051174322143197,-0.043132584542036,0.0037934004794806,-0.0062759760767221,0.13886100053787,0.040241096168756,0.011230631731451,-0.11528377234936,-0.0564239397645,-0.08479005843401,0.10936591029167,-0.0628327652812,-0.043243858963251,0.13251976668835,-0.049588672816753,0.043293368071318,-0.0070446142926812,0.02631657384336,-0.0074946843087673,0.1562814861536,0.029714845120907,0.024511158466339,0.0046529248356819,0.007807363756001,0.2365220785141,-0.18814824521542,-0.071887888014317,0.1345212161541,-0.092629313468933,0.07455763220787,0.17021486163139,-0.058780007064342,-0.019686948508024,-0.13714449107647,0.12624871730804,0.028124030679464,0.069722712039948,-0.0072342227213085,-0.021150091663003,0.080166198313236,0.020836429670453,-0.02746495231986,0.043068069964647,-0.020529914647341
-0.039072815328836,0.23485508561134,0.020362274721265,-0.062385939061642,-0.029765252023935,0.059913262724876,0.06867029517889,0.020907342433929,0.0088333804160357,0.17301516234875,0.10212515294552,-0.10782317072153,0.081154324114323,0.0024852228816599,0.016574351117015,0.043149687349796,0.034399956464767,0.18399262428284,-0.13348592817783,-0.1038711592555,0.1136819422245,-0.078868620097637,0.027253517881036,0.013858214952052,0.010745108127594,-0.02434598095715,-0.074560329318047,-0.016276072710752,0.22971400618553,0.04086409881711,0.050763014703989,0.12013095617294,-0.00056133349426091,0.029693542048335,0.029709672555327,-0.066872574388981,0.0040892921388149,0.23233160376549,0.061042211949825,-0.010115457698703,-0.061843324452639,-0.016786731779575,-0.018537681549788,0.065834082663059,-0.026801818981767,-0.11463287472725,0.03868654742837,0.0098215136677027,-0.1646471619606,-0.14001728594303,0.029009016230702,0.11868730187416,-0.12691375613213,-0.024100800976157,-0.082523457705975,0.090337604284286,0.049910295754671,0.064182475209236,0.001511040260084,-0.14601914584637,-0.10660792887211,-0.1062508970499,0.1061903834343,-0.068626344203949,0.057379424571991,0.091855511069298,-0.02670175395906,0.019897889345884,-0.097129262983799,0.13382539153099,-0.0011583602754399,0.0032114717178047,-0.039755091071129,0.033976957201958,-0.004698206204921,-0.14859050512314,-0.039479147642851,0.054535534232855,-0.018386848270893,-0.16207398474216,-0.10474345833063,0.092136569321156,-0.0071619744412601,-0.050583492964506,-0.020486827939749,-0.051731619983912,0.0070104501210153,-0.020392997190356,0.12847958505154,0.01752495393157,0.0070136873982847,-0.12818221747875,-0.042720269411802,-0.090736098587513,0.13181391358376,-0.060233440250158,-0.042098291218281,0.1402281075716,-0.047974273562431,0.064477264881134,-0.0032882443629205,0.024371899664402,-0.0058612758293748,0.17630617320538,0.009058253839612,0.02866637147963,-0.011808079667389,0.0051739425398409,0.2335798740387,-0.19449344277382,-0.075800761580467,0.1217589750886,-0.1044835075736,0.082600422203541,0.17587065696716,-0.04251853376627,-0.019308751448989,-0.13056874275208,0.13884948194027,0.033215962350368,0.066367268562317,-0.011785278096795,-0.017009031027555,0.066290266811848,0.0081204865127802,-0.025913754478097,0.023975547403097,-0.0094431666657329
-0.015037052333355,0.21107846498489,0.021451776847243,0.02626570686698,-0.0042025647126138,0.064787708222866,0.081368967890739,-0.038294650614262,-0.0022910390980542,0.13250270485878,0.095672301948071,-0.092232562601566,0.06670755147934,0.0060130911879241,0.018150152638555,0.038708567619324,0.041236259043217,0.20182824134827,-0.10738452523947,-0.075904041528702,0.1488112360239,-0.11174044758081,0.032099239528179,0.023495936766267,0.061406504362822,-0.049261458218098,-0.14567145705223,-0.053193848580122,0.20094834268093,0.079479083418846,0.074162013828754,0.16936658322811,-0.015209039673209,0.024930987507105,0.059527434408665,-0.041386272758245,-0.02221817523241,0.20130072534084,0.053283385932446,-0.077994666993618,-0.046096846461296,-0.0042209778912365,0.0013408458326012,0.07089301943779,-0.047542449086905,-0.11726202070713,0.056676272302866,0.0039824130944908,-0.13370856642723,-0.14490492641926,0.047172710299492,0.11492463946342,-0.090366989374161,-0.041777230799198,-0.029329974204302,0.079555206000805,0.040271010249853,0.06391554325819,0.024949759244919,-0.14883659780025,-0.10276023298502,-0.097910590469837,0.099515236914158,-0.092009484767914,0.090536564588547,0.094197310507298,-0.023606028407812,-0.02059468626976,-0.1174558326602,0.15752248466015,0.005036857444793,0.038900256156921,-0.032484255731106,0.02545303851366,-0.052720718085766,-0.15387074649334,-0.025720046833158,0.03560484573245,-0.033841568976641,-0.12373627722263,-0.10173732787371,0.09588149189949,-0.026002433151007,-0.079349920153618,-0.0049847257323563,-0.070227012038231,-0.010359946638346,-0.029006578028202,0.099349483847618,0.017134541645646,0.020944027230144,-0.10022056847811,-0.054020583629608,-0.11626071482897,0.10792504251003,-0.068945944309235,-0.030797611922026,0.15495610237122,-0.038417398929596,0.060196127742529,0.0086502833291888,0.049549587070942,0.023343939334154,0.14763121306896,0.0011612761300057,0.042368337512016,0.021653473377228,0.020201059058309,0.26206633448601,-0.14649684727192,-0.097431965172291,0.10252502560616,-0.1330518424511,0.04570659250021,0.19264899194241,-0.042989611625671,0.01214914675802,-0.13953024148941,0.13313257694244,0.052286107093096,0.056577060371637,0.0053594745695591,-0.012110039591789,0.066555917263031,0.011187834665179,-0.010205413214862,0.0835000872612,0.0082452865317464
0.022133318707347,0.10156475007534,0.043624885380268,0.015808816999197,0.064175397157669,0.081216841936111,-0.0068575893528759,0.006157829426229,-0.16402193903923,0.11812920123339,0.091232270002365,-0.088909260928631,0.065680168569088,-0.039082523435354,0.092223592102528,0.13068477809429,0.016798954457045,0.10963597893715,-0.013698947615921,0.073396608233452,0.14669735729694,-0.13532395660877,0.12640677392483,-0.01252313144505,0.085031151771545,0.0067922594025731,-0.096291393041611,-0.093416377902031,0.15488290786743,-0.031281869858503,0.044235918670893,0.061798226088285,-0.0095428908243775,0.059381183236837,0.07194697111845,0.043387271463871,0.0012180436169729,0.13720022141933,0.088981330394745,-0.16668821871281,-0.044988296926022,-0.062765061855316,0.082371301949024,0.033826876431704,-0.088286533951759,-0.048367951065302,0.13836482167244,0.049568060785532,-0.18919205665588,-0.027810525149107,-0.014633561484516,-0.0064844349399209,-0.1166752204299,0.0096184555441141,0.050345405936241,-0.0096636842936277,0.040403138846159,0.0062926784157753,-0.0042211227118969,-0.12481446564198,-0.072213090956211,-0.060613360255957,0.10491898655891,-0.10255171358585,0.14650875329971,0.14121362566948,-0.12277906388044,0.018514694646001,-0.076167196035385,0.096982516348362,-0.053211413323879,0.11117780208588,-0.058429110795259,0.010001066140831,0.0088231153786182,-0.15516406297684,0.03418093174696,0.12239724397659,0.065531738102436,-0.04149928689003,-0.047221567481756,-0.0083576701581478,-0.033557493239641,-0.069406449794769,-0.053778324276209,-0.015224336646497,-0.049564681947231,0.093093201518059,0.11936002969742,0.060163073241711,0.13003723323345,-0.0073032858781517,-0.10344080626965,-0.016211539506912,0.029483864083886,-0.051700666546822,-0.031360685825348,0.22900418937206,-0.068393111228943,-0.028048185631633,-0.013059075921774,-0.01204221509397,-0.012618229724467,0.015370770357549,0.058663491159678,0.12871643900871,0.053953316062689,0.064891189336777,0.28439399600029,-0.12862484157085,-0.13992197811604,0.14122831821442,-0.033024236559868,0.041796680539846,0.22211208939552,-0.045858204364777,0.021324859932065,-0.08175141364336,0.031276103109121,0.098862364888191,0.021195782348514,-0.015246755443513,0.073530606925488,0.097728788852692,-0.033560805022717,0.024156747385859,0.15465342998505,0.014260863885283
-0.040226399898529,0.27971431612968,0.019755316898227,-0.07951807975769,-0.0053023304790258,0.049324829131365,0.049239911139011,0.052462562918663,-0.039412789046764,0.1779875010252,0.08022128790617,-0.12510704994202,0.034039210528135,-0.03135821968317,0.063238397240639,0.043446876108646,0.084188058972359,0.17774099111557,-0.064064666628838,-0.1220355629921,0.073681741952896,-0.028521168977022,0.023245992138982,-0.035500600934029,0.038895927369595,-0.047371413558722,-0.03980328142643,0.020489685237408,0.25399434566498,0.018653986975551,0.049255974590778,0.073653869330883,0.021193094551563,0.016927849501371,0.058202557265759,-0.079954199492931,0.050609812140465,0.15288425981998,0.085517324507236,-0.0013760349247605,-0.050929073244333,-0.0078531429171562,0.032252691686153,0.070721164345741,-0.037531580775976,-0.045479167252779,0.068652957677841,-0.004686183296144,-0.20438514649868,-0.13789834082127,0.017884569242597,0.12922868132591,-0.13737554848194,-0.037587627768517,-0.13757266104221,0.078270360827446,0.038760326802731,0.029120108112693,-0.031415708363056,-0.097922526299953,-0.097026765346527,-0.099241554737091,0.081400014460087,-0.092673249542713,0.082176394760609,0.070618189871311,-0.039229582995176,-0.018104063346982,-0.10447702556849,0.11653645336628,-0.0021453977096826,-0.0013182269176468,-0.050278078764677,0.017290376126766,0.0015495686093345,-0.13579764962196,-0.029108347371221,0.090390175580978,-0.017521208152175,-0.1879892796278,-0.11945893615484,0.100590236485,-0.015173071064055,-0.0096452925354242,0.010368408635259,-0.032963041216135,-0.038106586784124,-0.039162453263998,0.1058037430048,0.032655734568834,0.014880777336657,-0.098170578479767,-0.092487782239914,-0.074075825512409,0.17950838804245,-0.060314390808344,-0.016211660578847,0.14594238996506,-0.093283653259277,0.059560984373093,-0.063675157725811,0.012120227329433,-0.00068973790621385,0.15688838064671,-0.012592650018632,0.046794679015875,0.027633966878057,0.02138033695519,0.21753324568272,-0.1738068908453,-0.057127822190523,0.06541933119297,-0.077018536627293,0.086103640496731,0.15739223361015,-0.094559043645859,-0.017569424584508,-0.13771232962608,0.15357846021652,0.022290859371424,0.062625609338284,-0.012359463609755,-0.016101757064462,0.079589895904064,0.050606034696102,-0.062165927141905,0.03359442576766,-0.046450983732939
-0.017343116924167,0.22615921497345,0.020505441352725,-0.039037846028805,-0.045432012528181,0.079300664365292,0.039026562124491,0.02731559984386,-0.0073661082424223,0.12789453566074,0.1101046204567,-0.12534293532372,0.070845663547516,-0.0017054402269423,0.028793880715966,0.046287685632706,0.051910605281591,0.17993342876434,-0.10048501938581,-0.10496683418751,0.13699747622013,-0.072093106806278,0.034535340964794,-0.00055391452042386,0.027929488569498,-0.034104704856873,-0.066853605210781,-0.030095886439085,0.20167298614979,0.035503096878529,0.057623192667961,0.11805088818073,0.023093771189451,0.051517710089684,0.053375463932753,-0.05220052972436,0.03616801276803,0.20455773174763,0.064595341682434,-0.050622459501028,-0.06547037512064,-0.030548514798284,0.012568322010338,0.060241550207138,-0.018203530460596,-0.11335441470146,0.058522216975689,-0.0038601111155003,-0.2011743336916,-0.12420784682035,0.020016152411699,0.092261224985123,-0.091692999005318,-0.0030933700036258,-0.075805366039276,0.090739689767361,0.04650142788887,0.02683731354773,-0.0022560297511518,-0.16536712646484,-0.097581654787064,-0.095882765948772,0.099963650107384,-0.10160984098911,0.071962431073189,0.11391044408083,-0.023273698985577,-0.0034962694626302,-0.10059021413326,0.13682717084885,-0.029910393059254,-0.036879982799292,-0.063563488423824,-0.0013438425958157,-0.012741251848638,-0.16333539783955,-0.020253701135516,0.039307974278927,-0.026872530579567,-0.14649185538292,-0.11456464976072,0.086484730243683,-0.027884602546692,-0.0819306448102,-0.014536957256496,-0.027245961129665,-0.02421217598021,-0.045165274292231,0.11436201632023,0.054356478154659,0.041455905884504,-0.13542658090591,-0.07365220785141,-0.083908833563328,0.13361237943172,-0.031013749539852,-0.040480270981789,0.1653613448143,-0.064265102148056,0.067794159054756,-0.0026245126500726,0.023805387318134,-0.007322559133172,0.15163800120354,0.021397845819592,0.043070070445538,0.013796465471387,0.0047273598611355,0.19852042198181,-0.19748739898205,-0.098963119089603,0.096822939813137,-0.099175609648228,0.049280196428299,0.19807125627995,-0.063018590211868,-0.0078870803117752,-0.15368653833866,0.16315934062004,0.028590483590961,0.075774423778057,-0.023146016523242,0.012296858243644,0.072449676692486,0.049325402826071,-0.042716581374407,0.084807328879833,-0.011038164608181
-0.013612980023026,0.21222384274006,0.044185981154442,0.043489370495081,-0.072172038257122,0.09035862237215,0.059538286179304,0.057048611342907,-0.024352459236979,0.14248465001583,0.12997049093246,-0.12941001355648,0.071355894207954,-0.052827049046755,0.022084867581725,0.016951356083155,0.035573448985815,0.17427539825439,-0.081074014306068,-0.076328858733177,0.16665455698967,-0.16589452326298,0.010321320034564,0.086091853678226,0.094496004283428,-0.090282648801804,-0.10462196916342,-0.068307049572468,0.19362284243107,0.038512464612722,0.083314538002014,0.066540651023388,-0.0078811701387167,0.031205143779516,0.018781162798405,-0.068163245916367,-0.059937361627817,0.14424020051956,0.023715630173683,-0.078603506088257,-0.051705539226532,-0.078288652002811,-0.032309763133526,0.082651503384113,-0.0066263917833567,-0.14981386065483,0.055148899555206,-0.015879707410932,-0.18913921713829,-0.15234071016312,0.062133260071278,0.1152016222477,-0.060327727347612,-0.060398910194635,-0.066440097987652,0.098532751202583,0.020474588498473,0.031878754496574,0.064453557133675,-0.18166023492813,-0.087336748838425,-0.081866845488548,0.072003535926342,-0.087335750460625,0.049429416656494,0.12474219501019,-0.0021491348743439,-0.060226030647755,-0.12816613912582,0.10072608292103,-0.041073217988014,0.0096781346946955,-0.072247609496117,-0.025656789541245,-0.011174955405295,-0.15461324155331,-0.0045139361172915,0.067172721028328,-0.0042714355513453,-0.025651928037405,-0.16170985996723,0.0041355714201927,-0.01607259735465,-0.096760764718056,0.00079077971167862,-0.0048393597826362,-0.01454642880708,-0.060493938624859,0.10747031867504,0.0095218326896429,0.00041266431799158,-0.098831102252007,-0.059290878474712,-0.074433214962482,0.062009662389755,-0.066827028989792,-0.022846234962344,0.12325049191713,-0.050358880311251,0.035442929714918,0.030034502968192,0.056076493114233,0.014796971343458,0.12594681978226,0.016114044934511,0.066622339189053,0.04921342805028,0.036075182259083,0.21950602531433,-0.19336175918579,-0.09767347574234,0.10538320243359,-0.11140393465757,-0.0086832633242011,0.194898635149,-0.037110958248377,-0.034131336957216,-0.11137682944536,0.15955372154713,0.060049716383219,0.015321566723287,-0.057941641658545,-0.058670572936535,0.059318821877241,0.051341209560633,0.024934912100434,0.092663370072842,0.0089461663737893
-0.051300272345543,0.17306385934353,0.11061412096024,0.035306330770254,-0.054386105388403,0.035860039293766,0.027740126475692,0.058576587587595,-0.041484694927931,0.10832943767309,0.073843114078045,-0.1351081430912,0.049785107374191,-0.021272176876664,0.035294707864523,0.01058897189796,0.023799477145076,0.20527838170528,-0.057560585439205,-0.035531777888536,0.16574046015739,-0.16887092590332,0.072596162557602,0.032070569694042,0.082458861172199,-0.092414848506451,-0.12430107593536,-0.052564512938261,0.15956072509289,0.004329324234277,0.060390915721655,0.0096781393513083,0.067756593227386,0.013954824768007,0.096842125058174,-0.076344758272171,-0.011352773755789,0.19213116168976,0.0014093613717705,-0.16496209800243,-0.060407266020775,-0.034653659909964,0.03824232891202,0.061712939292192,-0.055572897195816,-0.14150220155716,0.075223535299301,-0.034614749252796,-0.18005648255348,-0.097983479499817,-4.1611336200731e-05,0.030249919742346,-0.01869959384203,-0.0063953073695302,-0.029915563762188,0.065594770014286,0.064692653715611,-0.03429464250803,0.049148581922054,-0.23219062387943,-0.066747136414051,-0.059289406985044,0.031458511948586,-0.05528574064374,0.090440034866333,0.17107973992825,-0.052311345934868,-0.081038542091846,-0.13765615224838,0.069819860160351,-0.021813526749611,-0.030318412929773,-0.03425220772624,-0.045981962233782,-0.012486949563026,-0.13383327424526,-0.022528363391757,0.025829097256064,0.060969598591328,-0.080052696168423,-0.16722969710827,0.014905909076333,-0.029241682961583,-0.061896003782749,0.033616259694099,-0.021135659888387,-0.065211690962315,0.017742728814483,0.14272865653038,0.045978389680386,0.02611549384892,-0.073812521994114,-0.033974640071392,-0.10329169780016,0.057171761989594,-0.079016484320164,-0.050626434385777,0.22189110517502,-0.087110914289951,0.023753292858601,0.031821567565203,0.047176286578178,0.040961116552353,0.046103745698929,0.051782313734293,0.074068151414394,0.10652930289507,0.0029006972908974,0.25407186150551,-0.17659805715084,-0.1167671456933,0.073523283004761,-0.07647555321455,0.0098034590482712,0.16964164376259,-0.045498732477427,-0.00090388534590602,-0.098965235054493,0.11218820512295,0.030000619590282,0.0024801534600556,-0.043821096420288,-0.051539652049541,0.023769816383719,0.045137695968151,0.015592608600855,0.14946104586124,0.019884031265974
-0.05079935118556,0.24668510258198,0.063122853636742,-0.043073143810034,-0.029559880495071,0.049676034599543,0.073544703423977,0.067406840622425,-0.076198898255825,0.14828611910343,0.063101276755333,-0.12696576118469,0.053629849106073,-0.05240585654974,0.064028114080429,0.050297603011131,0.033277623355389,0.14061406254768,-0.060538582503796,-0.096972994506359,0.118387542665,-0.095064677298069,0.022377012297511,-0.0073862243443727,0.048294458538294,-0.017018008977175,-0.09515019506216,-0.057019621133804,0.23989555239677,0.005567419808358,0.048110872507095,0.094232432544231,0.0068933684378862,0.030815085396171,0.055889215320349,-0.093910105526447,0.043576646596193,0.19616636633873,0.07286261767149,-0.047414623200893,-0.013238919898868,-0.045804861932993,0.051955550909042,0.064358070492744,-0.033823434263468,-0.052225541323423,0.11147989332676,-0.039674114435911,-0.23501333594322,-0.1638905107975,0.0049907928332686,0.066332720220089,-0.094742447137833,-0.015470956452191,-0.067611657083035,0.082966566085815,0.056760117411613,0.035574663430452,0.0052705802954733,-0.15328152477741,-0.079423330724239,-0.088660173118114,0.061773635447025,-0.08101437240839,0.1067236661911,0.12864300608635,-0.032568592578173,-0.055465657263994,-0.086387164890766,0.07023636251688,-0.045249354094267,0.00018652758444659,-0.058623902499676,0.029741553589702,0.04219138994813,-0.14182005822659,-0.039697553962469,0.094157144427299,0.017319615930319,-0.1271825581789,-0.13592880964279,0.069845654070377,-0.013689675368369,-0.039390124380589,-0.00025542921503074,-0.024369144812226,-0.0088516650721431,-0.018541943281889,0.087771117687225,0.017651641741395,0.03946066647768,-0.085198551416397,-0.081247240304947,-0.10483833402395,0.1008587628603,-0.047825612127781,0.0037268656305969,0.1869795769453,-0.061196152120829,0.055589135736227,-0.05890030041337,0.0058932197280228,0.015396633185446,0.16413289308548,-0.0097763938829303,0.045717306435108,0.030446214601398,0.080248840153217,0.21823750436306,-0.20262569189072,-0.083306893706322,0.08851982653141,-0.11800509691238,0.0094515886157751,0.18347783386707,-0.069352425634861,-0.036599215120077,-0.15924696624279,0.1334715038538,0.026855040341616,0.05352870747447,0.0013112938031554,-0.018496491014957,0.072871953248978,0.024489330127835,-0.023725800216198,0.045417912304401,-0.028248127549887
-0.046194441616535,0.22246015071869,0.11987607181072,-0.070739530026913,-0.035001624375582,0.055155824869871,0.0013100965879858,0.089650459587574,-0.065386615693569,0.12351949512959,0.06665101647377,-0.17905129492283,0.059397473931313,-0.040232699364424,0.11767671257257,0.077359110116959,-0.0013734623789787,0.15825253725052,-0.095496527850628,-0.065436236560345,0.12529584765434,-0.043782748281956,0.074315309524536,-0.01979442499578,0.038217794150114,-0.059664286673069,-0.075015246868134,-0.014460559934378,0.20779331028461,-0.033267054706812,0.042008832097054,0.023277455940843,0.056162130087614,0.063585050404072,0.10174307972193,-0.057764496654272,0.074286669492722,0.17601764202118,0.050053298473358,-0.097759127616882,-0.05070635676384,-0.0676239579916,0.090477116405964,0.050586808472872,-0.036641538143158,-0.066192679107189,0.09715498238802,0.017745796591043,-0.24455425143242,-0.064453527331352,-0.027103653177619,0.0072258813306689,-0.075396530330181,0.021921083331108,-0.068354368209839,0.050445202738047,0.05147610604763,-0.05374701321125,0.011500624008477,-0.20282319188118,-0.094888538122177,-0.064369611442089,0.024535801261663,-0.05051650851965,0.061336047947407,0.18028196692467,-0.066598378121853,-0.031170666217804,-0.10056859999895,0.055354855954647,-0.046472165733576,-0.044696494936943,-0.046871118247509,-0.023846670985222,0.047179345041513,-0.15646325051785,-0.042957093566656,0.046746276319027,0.062872707843781,-0.11386714875698,-0.047000862658024,0.03994869440794,-0.03796511515975,-0.044851809740067,0.011967773549259,0.020296014845371,-0.071375600993633,0.015449988655746,0.12018854171038,0.1198276206851,0.090543292462826,-0.080856561660767,-0.10441672801971,-0.074204213917255,0.05777770653367,-0.015805754810572,-0.073785565793514,0.23518571257591,-0.090933002531528,0.016660548746586,-0.0051233666017652,-0.0068323751911521,0.020504150539637,0.063970126211643,0.035939242690802,0.06412897258997,0.040969293564558,0.031298354268074,0.24488389492035,-0.18309663236141,-0.081662006676197,0.099609449505806,-0.076303578913212,0.03106701374054,0.16720242798328,-0.070826977491379,-0.011143019422889,-0.10351146757603,0.094555713236332,0.016207490116358,0.073896273970604,-0.029313506558537,0.027928799390793,0.084926143288612,0.031901732087135,-0.050430733710527,0.1265162974596,-0.01936549320817
-0.059335120022297,0.19311080873013,0.068726234138012,-0.083788871765137,-0.022555330768228,0.04604509472847,0.031225334852934,0.069460682570934,-0.10708732157946,0.18989707529545,0.067713387310505,-0.14145219326019,0.096900261938572,-0.047755565494299,0.069467797875404,0.098597265779972,0.028986617922783,0.18606825172901,-0.058486122637987,-0.06725288182497,0.14731982350349,-0.091783247888088,0.048149820417166,-0.010727124288678,0.0059646153822541,0.026336148381233,-0.096101075410843,-0.092887952923775,0.22903749346733,-0.0064980038441718,0.026336940005422,0.058667037636042,0.016647025942802,0.018775371834636,0.10713593661785,-0.071591012179852,0.035612624138594,0.20507276058197,0.092361010611057,-0.092854201793671,-0.078236997127533,-0.04356112703681,0.041393950581551,0.086634449660778,-0.022850746288896,-0.050712153315544,0.11390999704599,0.0070018819533288,-0.26239231228828,-0.16346299648285,-0.0095119252800941,-0.014036704786122,-0.096214778721333,-0.01670434512198,-0.080367796123028,0.07182589918375,0.070357367396355,0.019956553354859,0.0097829373553395,-0.16698187589645,-0.040440954267979,-0.07656916975975,0.069374367594719,-0.041780658066273,0.12495423108339,0.1094227284193,-0.08013478666544,0.00024532666429877,-0.054326567798853,0.028339259326458,-0.043269529938698,-0.016765765845776,-0.058636870235205,-0.051419235765934,-0.0092322835698724,-0.14421880245209,-0.064790084958076,0.11316610872746,0.065997414290905,-0.1386191546917,-0.097535587847233,0.06046162545681,-0.057099506258965,-0.044300984591246,-0.042420066893101,-0.026052722707391,-0.014854423701763,0.0036916434764862,0.11974725872278,0.036132089793682,0.043122220784426,-0.053760461509228,-0.080541931092739,-0.066683076322079,0.069269791245461,-0.01804168894887,-0.032878171652555,0.20959854125977,-0.090953342616558,0.046528540551662,-0.0034286200534552,0.00024082930758595,-0.018649632111192,0.091588780283928,0.040645848959684,0.038240171968937,0.03149126842618,0.030327215790749,0.2347756177187,-0.17543326318264,-0.099483042955399,0.083690449595451,-0.079326063394547,0.0082571804523468,0.17966315150261,-0.036113906651735,-0.074765346944332,-0.14335514605045,0.050808865576982,-0.011441322974861,0.026720864698291,-0.02961378917098,0.0023051353637129,0.065366685390472,-0.0016750256763771,-0.0085544809699059,0.018716985359788,-0.043502327054739
-0.03095506504178,0.18672789633274,0.043952349573374,0.017768207937479,0.026806587353349,0.07676063477993,0.017397468909621,0.041981894522905,-0.10087066888809,0.12066782265902,0.069949612021446,-0.084902182221413,0.048009008169174,-0.067611128091812,0.056570414453745,0.071662560105324,0.056827526539564,0.15821932256222,-0.013096820563078,-0.029204105958343,0.1669097840786,-0.12995819747448,0.079524330794811,0.019297195598483,0.099682837724686,-0.028334671631455,-0.093283720314503,-0.10634877532721,0.19041681289673,0.010829916223884,0.089548520743847,0.08171683549881,0.031318705528975,0.035380411893129,0.059492137283087,-0.040600936859846,0.022468475624919,0.14372941851616,0.069615468382835,-0.10164779424667,-0.0023086273577064,-0.038757387548685,0.078202292323112,0.06740815192461,-0.078737758100033,-0.089441113173962,0.14916823804379,-0.03938290476799,-0.19171148538589,-0.12595441937447,0.033098183572292,0.030925346538424,-0.078087411820889,-0.018018249422312,-0.018034039065242,0.070135578513145,0.076215870678425,0.010465212166309,0.017063727602363,-0.15919356048107,-0.084352634847164,-0.092603772878647,0.062639899551868,-0.12159359455109,0.14411985874176,0.085140511393547,-0.063029713928699,-0.053713660687208,-0.092196963727474,0.10877718776464,-0.05015142634511,0.055845532566309,-0.089616775512695,-0.014243016019464,0.018693355843425,-0.12882670760155,-0.018112082034349,0.14027535915375,0.0045133642852306,-0.075598038733006,-0.16781049966812,0.064739555120468,0.0096738031134009,-0.017774865031242,0.0009321981924586,-0.010774713009596,-0.010757010430098,0.026443345472217,0.075769521296024,-0.0028279591351748,0.032142490148544,-0.052543111145496,-0.10076519101858,-0.081343613564968,0.087579905986786,-0.070282965898514,-0.012994981370866,0.23393425345421,-0.09771866351366,0.023628361523151,-0.05468737706542,0.0046741734258831,0.017239330336452,0.13326969742775,0.02787870913744,0.069624096155167,0.052146371454,0.066876970231533,0.22764281928539,-0.17279174923897,-0.15261398255825,0.076358944177628,-0.0963189676404,0.0016486443346366,0.20092587172985,-0.063717424869537,-0.014107760041952,-0.17006632685661,0.10615590959787,0.09011472761631,0.048865474760532,0.013275202363729,-0.014900583773851,0.057318825274706,0.0022561613004655,0.0027028233744204,0.09658844769001,0.026896890252829
-0.020788865163922,0.19972108304501,-0.0060929865576327,-0.11880517750978,0.082963950932026,0.11206838488579,-0.00036976122646593,0.025271510705352,-0.060893721878529,0.21606992185116,0.065636307001114,-0.091544128954411,0.065135173499584,-0.049995448440313,0.065936274826527,0.099494077265263,0.028369791805744,0.20086893439293,-0.073672853410244,-0.054896231740713,0.12677599489689,-0.018245236948133,0.078302063047886,-1.4857826499792e-05,0.020556937903166,0.0018717899220064,-0.041828628629446,-0.053565837442875,0.22990547120571,0.017836719751358,0.049286335706711,0.058371521532536,-0.02471319027245,0.033967465162277,0.073236167430878,-0.0058839512057602,0.011808352544904,0.13188664615154,0.099515527486801,-0.032227221876383,-0.065468028187752,-0.016602361574769,0.010843208990991,0.081974945962429,-0.069317609071732,-0.059278819710016,0.0962845236063,0.082862429320812,-0.16852800548077,-0.068489067256451,0.036396373063326,0.086953610181808,-0.17415948212147,-0.02971264347434,-0.049396030604839,0.050400570034981,0.088274545967579,0.041458684951067,-0.02286721393466,-0.13542558252811,-0.074757404625416,-0.089243039488792,0.13576026260853,-0.068650551140308,0.075959660112858,0.00041773958946578,-0.090341225266457,0.086024537682533,-0.037879258394241,0.1810377240181,0.00056948413839564,0.10530891269445,-0.072141848504543,-0.0015677753835917,-0.034804128110409,-0.13012287020683,-0.05331739038229,0.16516208648682,0.020120900124311,-0.16407926380634,-0.045900709927082,0.14550855755806,-0.00045238193706609,0.01217897515744,-0.022816389799118,-0.052518915385008,0.0049244281835854,0.074947193264961,0.15454569458961,0.038680903613567,0.050600171089172,-0.040660351514816,-0.099028266966343,-0.038099352270365,0.11959942430258,-0.065975025296211,-0.052477460354567,0.19560088217258,-0.09555958211422,0.0080311102792621,0.016711167991161,0.0017622192390263,-0.029715167358518,0.094010107219219,0.015436214394867,0.044168565422297,-0.041799645870924,-0.029106637462974,0.24053394794464,-0.10781015455723,-0.062995478510857,0.12796328961849,-0.054000645875931,0.088693626224995,0.18401680886745,-0.032043717801571,-0.0080974455922842,-0.14830516278744,0.046251773834229,0.050639756023884,0.095385678112507,0.0045900656841695,0.053289599716663,0.066661171615124,-0.076149247586727,-0.022302189841866,0.034781195223331,-0.00094896875089034
-0.049318984150887,0.20846693217754,0.070683136582375,-0.057026162743568,-0.029693983495235,0.063277460634708,0.047489136457443,0.064071111381054,-0.055326495319605,0.11315581947565,0.056703098118305,-0.11844473332167,0.052528578788042,-0.044720478355885,0.035629477351904,0.060614660382271,0.031189277768135,0.16835163533688,-0.073075197637081,-0.10988559573889,0.15297730267048,-0.071069300174713,0.030155660584569,-0.022700477391481,0.023266578093171,0.0058491402305663,-0.10351856797934,-0.069170892238617,0.22096100449562,-0.0043458817526698,0.062258169054985,0.10225593298674,0.011269301176071,0.031355954706669,0.078930020332336,-0.082359187304974,0.051451183855534,0.20652265846729,0.097170688211918,-0.050327364355326,-0.02604990452528,-0.0061142407357693,0.042543906718493,0.052396893501282,-0.01703523285687,-0.095091298222542,0.10248754918575,-0.052409898489714,-0.22815383970737,-0.15556573867798,-0.020908173173666,0.038883537054062,-0.076214425265789,0.012313403189182,-0.081312000751495,0.080538243055344,0.09353145211935,0.028785672038794,-0.020575735718012,-0.1743042320013,-0.062474049627781,-0.069540038704872,0.075845062732697,-0.078380845487118,0.099265620112419,0.11605220288038,-0.02596758492291,-0.032176028937101,-0.062906637787819,0.084854438900948,-0.037816096097231,-0.021556127816439,-0.056505706161261,0.018349027261138,0.0078418226912618,-0.14863733947277,-0.060351833701134,0.065807551145554,0.0044810445979238,-0.15501049160957,-0.1360844373703,0.1204729154706,-0.012077749706805,-0.041517414152622,-0.0057676383294165,-0.019759515300393,-0.00236203125678,-0.0055215335451066,0.083592161536217,0.0093401111662388,0.058858696371317,-0.090102478861809,-0.076059840619564,-0.092382572591305,0.12588745355606,-0.029400201514363,-0.017987133935094,0.20789821445942,-0.097200788557529,0.08478382229805,-0.047012723982334,-0.012692397460341,-0.011079070158303,0.16100177168846,0.023060407489538,0.038923498243093,0.035253304988146,0.03585808724165,0.19582375884056,-0.19445016980171,-0.10581406205893,0.069327041506767,-0.11064192652702,0.018733348697424,0.19498412311077,-0.056374486535788,-0.03763534873724,-0.17568418383598,0.12734304368496,-0.001424583257176,0.063508063554764,0.0098127713426948,0.0070065036416054,0.043459784239531,0.016569338738918,-0.033548917621374,0.046761058270931,-0.017215231433511
-0.076026111841202,0.22498853504658,0.044364679604769,-0.044608913362026,-0.054215434938669,0.045737780630589,0.088518843054771,0.049491666257381,-0.01857546903193,0.14708717167377,0.059200048446655,-0.16357912123203,0.085494041442871,-0.0087625086307526,0.067892141640186,0.036078970879316,-0.0038270752411336,0.10848735272884,-0.079793386161327,-0.083742387592793,0.11027382314205,-0.1441955268383,0.044236421585083,0.012528903782368,0.03688095882535,-0.041378736495972,-0.12550856173038,-0.071690432727337,0.24451942741871,-0.0019806346390396,0.093696564435959,0.067178174853325,0.0016848201630637,-0.0081920437514782,0.066897422075272,-0.058392651379108,0.011456236243248,0.25721153616905,0.020703176036477,-0.071212254464626,-0.036726541817188,-0.039243035018444,-0.0066022644750774,0.082906469702721,-0.02991864271462,-0.064759001135826,0.069061033427715,0.012089032679796,-0.19168964028358,-0.17333576083183,-0.066541999578476,0.046808853745461,-0.046772096306086,-0.053412411361933,-0.059775728732347,0.089322566986084,0.024884637445211,0.082365460693836,0.030604178085923,-0.19077111780643,-0.11760101467371,-0.063703432679176,0.092507168650627,-0.073407158255577,0.10163705796003,0.18344902992249,-0.015691675245762,-0.032254263758659,-0.094917520880699,0.035784382373095,-0.030544457957149,0.005422679707408,-0.043619975447655,0.011842334643006,0.045597620308399,-0.14679048955441,-0.057132501155138,0.054515462368727,0.050561994314194,-0.098350830376148,-0.11290301382542,0.017769735306501,-0.058114554733038,-0.074067801237106,-0.0092639187350869,-0.047058753669262,-0.02139182202518,-0.005221274215728,0.1084493175149,0.0030290968716145,0.054414309561253,-0.078657127916813,-0.026150684803724,-0.12813110649586,0.089646898210049,-0.066555298864841,-0.0097044724971056,0.17709919810295,-0.036280814558268,0.057328235358,-0.017382431775331,-0.00086012511746958,0.013547229580581,0.094961948692799,-0.041295379400253,0.064503826200962,0.031155629083514,0.039519336074591,0.26514032483101,-0.18439921736717,-0.061836950480938,0.12118194252253,-0.1062355786562,-0.0024954900145531,0.17451348900795,-0.013864997774363,-0.05524118244648,-0.10686151683331,0.11567756533623,0.033064469695091,0.019284643232822,-0.038440108299255,-0.044854413717985,0.084212921559811,-0.02271344140172,0.012763518840075,0.0084429010748863,-0.012825921177864
-0.029541429132223,0.26014083623886,0.026428360491991,-0.018608992919326,-0.059791885316372,0.097699701786041,0.057489354163408,-0.00044632636127062,-0.0018815160728991,0.12714993953705,0.1090909615159,-0.14179816842079,0.081485636532307,-0.021760622039437,0.033262740820646,0.046746924519539,-0.0056591029278934,0.15077514946461,-0.12757958471775,-0.09890453517437,0.1430666744709,-0.094079837203026,-0.0044099101796746,0.026727991178632,0.042640909552574,-0.05156172439456,-0.12238072603941,-0.051027096807957,0.21609143912792,0.064355313777924,0.078389890491962,0.13808915019035,-0.025491228327155,0.046326693147421,0.050138127058744,-0.023068401962519,-0.006485010497272,0.17323929071426,0.047128491103649,-0.047947220504284,-0.059635311365128,-0.074140287935734,-0.0014962673885748,0.082938507199287,0.016243226826191,-0.084051594138145,0.075844421982765,0.025556934997439,-0.2192327529192,-0.14600104093552,0.016124555841088,0.10781407356262,-0.082194335758686,-0.046429712325335,-0.057549018412828,0.10185204446316,-0.007040785625577,0.056224457919598,0.030387097969651,-0.17432954907417,-0.10658525675535,-0.07178620994091,0.11009573936462,-0.084963165223598,0.057578779757023,0.12538802623749,-0.00020078176748939,-0.023068258538842,-0.11054342240095,0.12328295409679,-0.031239038333297,-0.010096327401698,-0.055145237594843,0.00063064420828596,-0.0037760778795928,-0.16614186763763,-0.033473312854767,0.042108818888664,-0.020162649452686,-0.08392783254385,-0.067572839558125,0.063948959112167,-0.054060135036707,-0.1012467443943,-0.035007871687412,-0.016539162024856,-0.02451235987246,-0.072818458080292,0.095936551690102,0.068154752254486,0.051668968051672,-0.12709625065327,-0.075170107185841,-0.084332995116711,0.076513484120369,-0.017112448811531,-0.037391446530819,0.13519388437271,-0.024328101426363,0.057181756943464,0.015134225599468,0.038330432027578,-0.010790131054819,0.13123056292534,-0.021168753504753,0.065532453358173,-0.0056162164546549,0.046130046248436,0.209747210145,-0.16915321350098,-0.069456845521927,0.11447375267744,-0.14805302023888,0.011398077011108,0.186678186059,-0.039966870099306,-0.028360154479742,-0.12891580164433,0.15680207312107,0.039456009864807,0.071721844375134,-0.033828888088465,0.010334893129766,0.091379076242447,0.028346912935376,-0.011964906938374,0.077188469469547,-0.022057112306356
-0.045766443014145,0.22946590185165,0.055452965199947,-0.025624250993133,-0.024861831218004,0.084878169000149,0.00059621589025483,0.050294734537601,-0.097073055803776,0.12258131057024,0.065797477960587,-0.1231886073947,0.055934801697731,-0.025629345327616,0.040507022291422,0.07172105461359,0.04737726226449,0.17365296185017,-0.033924605697393,-0.075140424072742,0.16122651100159,-0.11325623095036,0.069046579301357,0.0071133496239781,0.075597643852234,-0.042843256145716,-0.08180832862854,-0.049024671316147,0.20289131999016,0.013545135036111,0.058721989393234,0.060089334845543,0.03385328873992,0.032671295106411,0.058909434825182,-0.057015527039766,0.028237130492926,0.154476583004,0.07686909288168,-0.078140623867512,-0.055667508393526,-0.03618161007762,0.089017502963543,0.0454922914505,-0.032263927161694,-0.10396935045719,0.13661971688271,-0.040569815784693,-0.23649995028973,-0.11183352768421,0.026262799277902,0.035502139478922,-0.069628499448299,0.0060575320385396,-0.058043498545885,0.083947010338306,0.089427068829536,0.011424598284066,0.022670663893223,-0.19579882919788,-0.069520898163319,-0.048457149416208,0.067261427640915,-0.11046756803989,0.10319557785988,0.14093789458275,-0.057544078677893,-0.042891878634691,-0.11149326711893,0.10291261225939,-0.043966867029667,0.0041856351308525,-0.079094238579273,-0.016482602804899,0.030646860599518,-0.12835079431534,-0.016346838325262,0.075324609875679,0.013454627245665,-0.12120108306408,-0.13938669860363,0.069334626197815,-0.00065145245753229,-0.03544944524765,-0.014529937878251,0.011504501104355,-0.04612659662962,-0.010624414309859,0.1063559949398,0.034342225641012,0.029944468289614,-0.091844946146011,-0.081270530819893,-0.07003216445446,0.11594213545322,-0.03784766793251,-0.035975120961666,0.25199338793755,-0.10569649934769,0.051565460860729,-0.030558299273252,0.010422972030938,0.0040730149485171,0.13968321681023,0.022143734619021,0.081305414438248,0.037710014730692,0.035285945981741,0.19248941540718,-0.20448502898216,-0.12384773790836,0.073542594909668,-0.070735931396484,0.019709231331944,0.18210539221764,-0.059932008385658,-0.018105998635292,-0.12990798056126,0.12628746032715,0.047995377331972,0.0474539026618,-0.031075710430741,0.00064972596010193,0.025547625496984,0.013935983181,0.0030856400262564,0.089576251804829,0.0071714380756021
-0.029730243608356,0.22372770309448,0.021330842748284,-0.022555094212294,-0.023688577115536,0.072541199624538,0.05787505209446,-0.0089310621842742,0.020396357402205,0.11840205639601,0.10881170630455,-0.11401435732841,0.07757693529129,-0.0013628533342853,0.020034596323967,0.057021200656891,0.019130017608404,0.16684146225452,-0.13059824705124,-0.096242815256119,0.1610135436058,-0.09989558160305,0.039949432015419,0.00083997123874724,0.046330880373716,-0.042563021183014,-0.10454487800598,-0.055005747824907,0.20772337913513,0.059014607220888,0.091886378824711,0.13047155737877,0.0069090370088816,0.03149326145649,0.059123747050762,-0.03952819481492,-0.0037245289422572,0.22252276539803,0.060952980071306,-0.052799358963966,-0.060069531202316,-0.022111115977168,-0.010908585041761,0.078079260885715,-0.01972102932632,-0.10201925784349,0.05017939209938,0.0021015664096922,-0.17462673783302,-0.15288726985455,0.00096797914011404,0.10070753842592,-0.088627047836781,-0.036401156336069,-0.067535609006882,0.089060537517071,0.029246307909489,0.063610181212425,-0.0096754282712936,-0.15462173521519,-0.11223370581865,-0.10650791972876,0.11460261791945,-0.086559221148491,0.091261945664883,0.099009044468403,-0.02909567207098,0.016294812783599,-0.10436002910137,0.13543412089348,-0.00032724696211517,0.0038359037134796,-0.058428041636944,-0.016326364129782,-0.019565183669329,-0.14896938204765,-0.03999288380146,0.03392519056797,-0.034635230898857,-0.10522470623255,-0.10855131596327,0.071866653859615,-0.029531415551901,-0.069090455770493,-0.039619874209166,-0.042275663465261,-0.005926497746259,-0.036841243505478,0.089692652225494,0.021847302094102,0.029128978028893,-0.13090820610523,-0.065758973360062,-0.088137745857239,0.10929222404957,-0.048976898193359,-0.049321126192808,0.15168750286102,-0.047348499298096,0.070611119270325,0.0018118632724509,0.016898589208722,-0.014602866955101,0.14759060740471,0.013732306659222,0.045512482523918,0.0090108243748546,0.029555389657617,0.24054716527462,-0.18643017113209,-0.10311166197062,0.099588342010975,-0.13512229919434,0.054875690490007,0.20441828668118,-0.023028753697872,-0.036953527480364,-0.12453407049179,0.14490579068661,0.061142668128014,0.058558542281389,-0.0032445986289531,-0.019015189260244,0.082496337592602,0.032992098480463,-0.016694596037269,0.066201321780682,0.00091210030950606
-0.0057499101385474,0.20330035686493,0.098651759326458,-0.035948552191257,-0.05658508092165,0.055983353406191,0.037429556250572,0.055546212941408,-0.032658834010363,0.098725438117981,0.10293393582106,-0.13948486745358,0.071218468248844,-0.02140642888844,0.049334030598402,0.055015593767166,0.050335612148046,0.16718019545078,-0.11476992815733,-0.08347026258707,0.16012662649155,-0.05570213124156,0.026703162118793,0.0087499869987369,0.017894722521305,-0.019143458455801,-0.094764277338982,-0.030536144971848,0.20932772755623,0.0067399935796857,0.052695591002703,0.10077934712172,0.01456321310252,0.067124962806702,0.07538128644228,-0.071967259049416,0.054074998944998,0.23601301014423,0.083729453384876,-0.07185523211956,-0.069215133786201,-0.019557647407055,0.011570975184441,0.029403921216726,0.0033680193591863,-0.11067100614309,0.057993408292532,-0.015823723748326,-0.21472500264645,-0.11687685549259,0.0018469507340342,0.078603245317936,-0.081201404333115,0.020959235727787,-0.068399310112,0.054005686193705,0.058828610926867,0.002523120958358,-0.014050541445613,-0.18755352497101,-0.072473578155041,-0.090787999331951,0.061982858926058,-0.074060142040253,0.055063661187887,0.13148336112499,-0.011114224791527,-0.013665363192558,-0.09207109361887,0.091018006205559,-0.032676443457603,-0.056386083364487,-0.057041987776756,0.011998014524579,-0.0038961649406701,-0.1800242215395,-0.028570165857673,0.035994838923216,0.019851874560118,-0.10590540617704,-0.095270670950413,0.079466693103313,-0.021229229867458,-0.095510937273502,0.014932305552065,-0.037338815629482,-0.024523561820388,-0.018582785502076,0.10677941143513,0.059338644146919,0.069509483873844,-0.1124439239502,-0.065793812274933,-0.05607807636261,0.094417326152325,-0.031639266759157,-0.028734533116221,0.16871778666973,-0.081522047519684,0.055801637470722,-0.0064507010392845,0.024300720542669,-0.022756770253181,0.15288366377354,0.038564145565033,0.039616491645575,0.044710598886013,0.010928438045084,0.23730678856373,-0.20675940811634,-0.10231509804726,0.09640921652317,-0.12426079064608,0.052810464054346,0.20782865583897,-0.054353483021259,-0.026964873075485,-0.15333189070225,0.11708135902882,0.0045739384368062,0.051030673086643,0.007807417307049,0.017479879781604,0.074161186814308,0.062833800911903,-0.047090966254473,0.11252986639738,-0.031638849526644
-0.025209350511432,0.20646977424622,0.038690160959959,0.020565997809172,-0.060127608478069,0.075026363134384,0.07558411359787,0.013750415295362,0.036381628364325,0.11271714419127,0.10412295907736,-0.10281224548817,0.035581804811954,-0.043632172048092,-0.011428791098297,0.014604257419705,-0.015599545091391,0.18611136078835,-0.10676258802414,-0.09201242774725,0.15308886766434,-0.12299885600805,0.010271054692566,0.030275588855147,0.05511999130249,-0.04816048592329,-0.10566411912441,-0.056884728372097,0.19069039821625,0.049024689942598,0.072250425815582,0.1124951094389,-0.0013206640724093,0.031374871730804,0.054636418819427,-0.070742659270763,-0.019428266212344,0.19502240419388,0.040582466870546,-0.077511616051197,-0.038399700075388,-0.043993163853884,-0.0085766492411494,0.081306472420692,-0.019492924213409,-0.17350269854069,0.049353946000338,-0.024964950978756,-0.15050201117992,-0.12480066716671,0.024072449654341,0.10918989777565,-0.066854357719421,-0.01648348942399,-0.033423274755478,0.091584794223309,0.038640737533569,0.036221969872713,0.010548023506999,-0.19202919304371,-0.095892786979675,-0.10829539597034,0.11909990012646,-0.072154030203819,0.060298766940832,0.12039216607809,-0.0062457248568535,-0.070677891373634,-0.10933808237314,0.14306093752384,-0.03476382419467,-7.3506671469659e-05,-0.038722693920135,0.041174925863743,-0.032879550009966,-0.18329760432243,-0.016897682100534,0.023638147860765,-0.027009911835194,-0.11022073030472,-0.12591560184956,0.084787920117378,-0.016711454838514,-0.084227219223976,0.014004103839397,-0.050440508872271,-0.015351983718574,-0.014974666759372,0.13519927859306,0.026558868587017,0.037878092378378,-0.11909549683332,-0.058310877531767,-0.11065725237131,0.10919366031885,-0.060027729719877,-0.035984482616186,0.14636453986168,-0.03098651394248,0.066807381808758,0.012085797265172,0.030083054676652,0.010854019783437,0.12454884499311,0.025724919512868,0.047801345586777,0.049245085567236,0.0080144768580794,0.2188695371151,-0.17021495103836,-0.0897106975317,0.1116084009409,-0.11799769103527,0.02757764980197,0.20367924869061,-0.051108360290527,0.028592243790627,-0.13391031324863,0.17775565385818,0.024011420086026,0.067598111927509,-0.010598390363157,0.00015734895714559,0.043044723570347,0.030654555186629,-0.011524762026966,0.11508126556873,0.015673492103815
0.12214378267527,0.0018661532085389,-0.12337715923786,0.035657554864883,0.07171505689621,0.052683494985104,-0.01271777972579,-0.09369632601738,-0.014615464955568,-0.13343361020088,0.1163953691721,0.049945361912251,0.11036015301943,0.092132776975632,-0.19862401485443,0.084545738995075,0.015369098633528,0.11713559925556,-0.15872937440872,0.067435882985592,0.2532077729702,-0.084178127348423,0.13281239569187,0.059273038059473,0.058829605579376,-0.076891109347343,-0.012601306661963,-0.021327637135983,0.048803977668285,0.15420937538147,-0.037505883723497,0.081825278699398,-0.018694311380386,0.031009878963232,-0.10607694089413,-0.071283452212811,-0.14886459708214,0.12018825113773,0.064968094229698,-0.0070548453368247,-0.094053037464619,0.085302360355854,0.010922799818218,0.05701943859458,-0.069776296615601,-0.20204700529575,0.02125683054328,-0.039426185190678,0.017915118485689,0.06706840544939,0.034730602055788,0.050891492515802,-0.04775495454669,0.078719556331635,-0.035497788339853,-0.04708019644022,0.12935695052147,0.11830102652311,0.035523816943169,-0.13029992580414,-0.035072933882475,-0.0015907931374386,0.17243526875973,0.016287857666612,-0.12900932133198,0.021810181438923,-0.029880607500672,0.07751627266407,-0.019714398309588,0.060386143624783,0.03346236795187,0.04352667555213,0.010859390720725,-0.0068813310936093,-0.031296890228987,-0.047803197056055,0.01415753364563,-0.16055183112621,-0.11451144516468,0.094005912542343,0.016170615330338,0.036079201847315,0.065168991684914,-0.059716187417507,-0.061634741723537,0.10908460617065,-0.0047983317635953,-0.031329959630966,0.026718823239207,-0.09054271876812,0.030112477019429,-0.14404007792473,-0.079697079956532,0.00033806666033342,0.050501454621553,-0.1077633574605,-0.15244852006435,0.18382300436497,-0.020892260596156,-0.020251428708434,0.054121635854244,0.00040558181353845,0.082853630185127,0.22980336844921,-0.012729229405522,0.041481964290142,-0.052846133708954,0.13776636123657,0.10409880429506,-0.17441131174564,-0.022045340389013,0.091391757130623,-0.076580986380577,0.14994913339615,0.03972477093339,0.098641812801361,-0.012817602604628,0.065451920032501,0.079276397824287,0.099202081561089,-0.047648925334215,0.021969622001052,-0.030650369822979,-0.050166189670563,-0.11607689410448,0.023852277547121,0.0019835503771901,0.096464283764362
0.021176915615797,0.12272389233112,-0.013393943198025,0.0099242506548762,0.00068810518132523,0.053811445832253,-0.084073089063168,-0.16811122000217,-0.080428905785084,-0.075186476111412,0.081671878695488,-0.066132336854935,0.1203041151166,0.099976420402527,-0.069192662835121,0.1389482319355,-0.0061401072889566,0.040498536080122,-0.080949917435646,0.043574802577496,0.24730633199215,-0.10749042779207,0.12625893950462,0.041917663067579,0.077231518924236,0.040800847113132,-0.086868353188038,-0.096230573952198,0.13000810146332,0.11734659224749,0.060184761881828,0.086012057960033,-0.026169437915087,0.0021022933069617,0.01573621481657,0.0264134965837,-0.051091831177473,0.2630572617054,0.12771841883659,-0.045817840844393,-0.14568956196308,0.062936924397945,0.023510824888945,0.025385601446033,0.017623977735639,-0.057068560272455,0.15802049636841,-0.018567621707916,-0.12635307013988,-0.064487814903259,-0.024631820619106,0.027690269052982,0.0027943453751504,0.050764430314302,0.025477329269052,-0.010453739203513,0.11190325021744,0.1387859582901,0.041113771498203,-0.22564435005188,-0.032305788248777,0.001648856094107,0.16522718966007,-0.044050309807062,0.027313608676195,0.11019840836525,0.0073011433705688,0.095613434910774,-0.01088575553149,0.056000728160143,0.010251724161208,0.048189140856266,-0.042048405855894,-0.022165153175592,0.042781427502632,-0.10777410119772,-0.062167525291443,-0.053280904889107,-0.0087855784222484,0.096174485981464,0.022890796884894,0.071685552597046,-0.024478463456035,-0.11338569968939,-0.091758087277412,-0.0029925988055766,-0.036456935107708,-0.0077932984568179,0.024565819650888,-0.059900678694248,0.051705110818148,-0.089973360300064,0.011168487370014,-0.00085104623576626,0.025848809629679,-0.077196285128593,-0.066702984273434,0.25550535321236,-1.9490365957608e-05,-0.016729569062591,-0.016066743060946,-0.00012806709855795,-0.018022391945124,0.18295837938786,-0.054773446172476,0.08625128865242,-0.033892687410116,0.097047075629234,0.20258530974388,-0.17583556473255,-0.06073734164238,0.12414228916168,-0.14317567646503,0.091218359768391,0.10972636193037,0.10409254580736,-0.12836086750031,-0.041376527398825,-0.010914928279817,0.04819019138813,-0.037685975432396,0.062289077788591,0.01374895311892,-0.0072465375997126,-0.1016877964139,0.065755531191826,0.02256197296083,0.040281426161528
0.11469512432814,-0.058920279145241,-0.12455205619335,0.0046502407640219,0.10532912611961,0.10920799523592,-0.064086928963661,-0.070819869637489,-0.10622993856668,-0.15398333966732,0.020595973357558,0.12725304067135,0.036363631486893,-0.011583085171878,-0.19348414242268,0.10615362226963,-0.08983950316906,0.045432239770889,-0.064076915383339,0.077706269919872,0.22393083572388,-0.02349765598774,0.18964104354382,-0.046232633292675,0.023419128730893,0.042624723166227,0.023822475224733,-0.12436321377754,-0.048383433371782,0.096720270812511,-0.071958020329475,0.046816229820251,-0.0405163615942,0.042687237262726,-0.05978724732995,-0.057196378707886,-0.12728065252304,0.08756198734045,0.10401110351086,0.015631655231118,-0.080599427223206,0.068455703556538,0.02429486811161,0.063722334802151,-0.10856442153454,-0.12992443144321,0.11287469416857,-0.08988219499588,-0.023906536400318,0.15845708549023,0.075168110430241,0.017695996910334,-0.067265130579472,0.13551662862301,0.04277104139328,-0.097310088574886,0.20444914698601,0.092554502189159,-0.024811685085297,-0.09358162432909,0.026202356442809,-0.0073465565219522,0.20564560592175,-0.0019713491201401,-0.0085266772657633,-0.12002295255661,-0.067200154066086,0.11334022134542,0.045070242136717,0.14349070191383,0.021173866465688,0.125623524189,-0.011683239601552,0.041867163032293,-0.066701158881187,-0.022155337035656,-0.020685745403171,-0.12589263916016,-0.09663499891758,0.1122745424509,0.0071963211521506,0.046924810856581,0.091740913689137,0.00603321287781,-0.11579299718142,0.029329292476177,0.045116662979126,0.047682285308838,0.033534433692694,-0.099475830793381,0.027926743030548,-0.089331693947315,-0.11670825630426,0.029422603547573,0.035377286374569,-0.071160241961479,-0.055253092199564,0.21171315014362,-0.041005443781614,-0.0091797094792128,-0.0035386250820011,0.00407127244398,0.0089685022830963,0.18373417854309,0.022987473756075,0.0031804160680622,-0.086012251675129,0.14130800962448,0.01983611099422,-0.10716171562672,-0.020715290680528,0.080959849059582,-0.046152632683516,0.10780197381973,0.065822914242744,0.10281372070312,0.032107852399349,0.014095268212259,0.05790750682354,0.10613790154457,-0.0037441917229444,0.075330212712288,0.080340877175331,-0.10981648415327,-0.077404901385307,0.0026597687974572,0.068719372153282,0.11361084878445
0.045334354043007,0.086509361863136,-0.00067689066054299,0.0046915728598833,-0.050834998488426,0.052813652902842,-0.036669880151749,-0.046913720667362,-0.061710391193628,-0.055198043584824,0.13051143288612,-0.039271246641874,0.10052306950092,0.059356242418289,-0.14343820512295,0.070962496101856,-0.092726804316044,0.090460002422333,-0.1172880679369,0.040908228605986,0.23049040138721,-0.10251075774431,0.09990219026804,0.019801801070571,0.029031444340944,0.021967053413391,-0.040249694138765,-0.022857183590531,0.11959178000689,0.070588268339634,-0.041003912687302,0.018204418942332,-0.024341335520148,0.014720348641276,-0.051772132515907,-0.056431829929352,-0.11060240119696,0.22420638799667,0.081410676240921,-0.010780775919557,-0.11621868610382,0.027875555679202,0.0028366397600621,0.070252925157547,-0.049432538449764,-0.2156585007906,0.086950600147247,-0.057033948600292,-0.080135002732277,0.034545458853245,0.0048484783619642,0.075348027050495,-0.086729511618614,0.13418799638748,0.012966029345989,-0.031184177845716,0.1340419948101,0.078470088541508,0.045315966010094,-0.22488689422607,-0.038707166910172,-0.038077261298895,0.19487169384956,0.048535753041506,-0.080077201128006,0.11079277098179,0.01328794285655,0.013644204474986,0.014877735637128,0.080297887325287,0.0013543504755944,0.02927116677165,0.039772901684046,0.08238235861063,0.046294067054987,-0.15798081457615,-0.040428187698126,-0.10580705851316,-0.029097614809871,0.051383558660746,0.024002766236663,0.032162990421057,0.06072187051177,-0.086841903626919,-0.051826383918524,0.056061636656523,-0.0064475266262889,0.022140122950077,0.12798483669758,-0.052903942763805,0.060767639428377,-0.13140463829041,-0.039287723600864,-0.03880101442337,0.02701697871089,-0.14242905378342,-0.10441312193871,0.2369719594717,-0.00063784047961235,-0.010899497196078,0.0049506882205606,0.037540182471275,0.06865531206131,0.15765853226185,0.013896630145609,0.088169015944004,0.0028507483657449,0.11999367922544,0.18480861186981,-0.21328830718994,-0.036160007119179,0.13484373688698,-0.10253196209669,0.1109906360507,0.10305990278721,0.063770703971386,0.030886271968484,-0.00085581775056198,0.091091647744179,0.0017078482778743,-0.020099695771933,-0.006236513145268,0.033599976450205,-0.054034475237131,-0.094895035028458,0.039874948561192,0.099739342927933,0.13293100893497
0.096115611493587,-0.078384779393673,-0.11984322220087,0.09040467441082,0.038618370890617,-0.045397285372019,-0.030132226645947,-0.067850559949875,-0.043700400739908,-0.087209135293961,0.031287115067244,0.1055181697011,0.072855547070503,0.0097292838618159,-0.25374335050583,0.030064316466451,-0.02661924995482,0.13395264744759,-0.072255700826645,0.22472889721394,0.20054131746292,-0.16237370669842,0.17747436463833,0.087748937308788,-0.059918038547039,-0.023536702618003,0.003605485893786,-0.11703520268202,-0.079615361988544,0.13787521421909,-0.18777704238892,0.0047403760254383,0.034610718488693,0.045986618846655,-0.039943609386683,-0.066840499639511,-0.087579697370529,0.18548968434334,-0.07226824760437,-0.12312034517527,-0.18521450459957,0.050912011414766,0.011523267254233,0.056354910135269,-0.096321642398834,-0.12834134697914,0.10256411880255,-0.034659340977669,0.0088393185287714,0.21744611859322,0.0760602876544,-0.050948679447174,-0.043915387243032,0.12252158671618,0.13765993714333,-0.074917986989021,0.1490666270256,-0.011179856956005,0.059375181794167,-0.14765208959579,0.094364501535892,-0.019711246713996,0.14510163664818,0.026829017326236,-0.0006693028844893,-0.13231410086155,-0.082773193717003,-0.001785249914974,-0.0037410384975374,0.071279488503933,-0.023940647020936,0.0079149277880788,0.030510181561112,0.04511570930481,-0.1228331848979,-0.042611572891474,0.071432210505009,-0.020068235695362,0.0049482360482216,0.018445892259479,-0.039489883929491,0.0040756706148386,-0.069234259426594,-0.084757432341576,-0.026329232379794,0.023056723177433,-0.057168394327164,0.058125257492065,0.15620091557503,-0.022068014368415,0.020604394376278,-0.084333501756191,-0.022422550246119,-0.040218982845545,0.030302129685879,-0.077309176325798,-0.076023459434509,0.1709727793932,0.03479877486825,-0.049090504646301,0.093014061450958,0.047403138130903,0.037049159407616,0.088293418288231,0.059381995350122,-0.017075410112739,-0.013092309236526,0.060711402446032,0.038898777216673,-0.043951716274023,-0.065660677850246,0.11541905999184,0.029112944379449,0.076430775225163,0.0054069510661066,0.089392565190792,0.099873952567577,-0.02542170137167,-0.0024428640026599,0.039443928748369,-0.13192436099052,0.099948294460773,0.02372950874269,-0.051298025995493,-0.086924970149994,0.026895361021161,0.065911337733269,0.017683392390609
0.12282772362232,-0.0078238742426038,-0.099888704717159,0.055416353046894,0.061297859996557,0.081791415810585,0.028962349519134,-0.084446772933006,-0.010954603552818,-0.086150802671909,0.17093867063522,0.068830192089081,0.10316646099091,0.028820864856243,-0.1879860162735,0.099138773977757,-0.074471071362495,0.12332732975483,-0.15224304795265,0.078581571578979,0.25283175706863,-0.087185353040695,0.098599001765251,0.056828528642654,0.02815030887723,-0.072719797492027,-0.021870795637369,-0.040379215031862,0.055862668901682,0.16595858335495,-0.09853345900774,0.088585168123245,-0.020895464345813,0.084362857043743,-0.088267378509045,-0.057908747345209,-0.12785941362381,0.041101213544607,0.073258072137833,-0.020116221159697,-0.059519648551941,-0.021354319527745,0.032342787832022,0.039373680949211,-0.085209660232067,-0.22323334217072,0.02143482491374,-0.015632346272469,-0.0057397629134357,0.097261995077133,0.041042018681765,0.041971795260906,-0.10063294321299,0.10724131017923,0.0129838520661,-0.024244723841548,0.10043679922819,0.064661219716072,-0.034552112221718,-0.034537203609943,-0.037468247115612,-0.031797248870134,0.19827079772949,0.0031271828338504,-0.082817040383816,0.027662353590131,-0.06567407399416,0.021679790690541,-0.033402118831873,0.079684302210808,-0.021996442228556,0.046897809952497,-0.011375053785741,0.016987664625049,-0.015284625813365,-0.061281427741051,0.082065232098103,-0.1131025031209,-0.11933746933937,0.066529296338558,0.05489344894886,-0.016775483265519,0.074338167905807,-0.033601373434067,-0.10137002915144,0.16976490616798,0.0079801129177213,-0.038276307284832,0.034009166061878,-0.0054384917020798,0.08192627876997,-0.17345856130123,-0.12640210986137,0.029395448043942,-0.017287271097302,-0.092184901237488,-0.1966849565506,0.14212507009506,0.041389673948288,0.0038680201396346,0.108892403543,-0.0017808214761317,0.063225865364075,0.16279888153076,0.09112886339426,0.073079772293568,-0.0045896302908659,0.16918967664242,0.061448697000742,-0.14691013097763,-0.073619678616524,0.07511280477047,-0.033564914017916,0.10394361615181,0.0646101385355,0.096990436315536,0.072588339447975,0.11536841094494,0.083714440464973,0.12619963288307,-0.010015403851867,-0.033901266753674,0.0060601844452322,-0.014969353564084,-0.10828686505556,0.073260597884655,0.05532355979085,0.11792254447937
0.04937781766057,-0.043814279139042,-0.030888663604856,-0.047737143933773,0.091196835041046,-0.015109105035663,-0.039391219615936,0.053702551871538,-0.02375584281981,-0.10649845004082,-0.034125134348869,0.027583254501224,0.11003418266773,0.010184215381742,-0.1184301301837,0.092706680297852,-0.11840419471264,-0.026062395423651,-0.16774953901768,0.23185460269451,0.22897766530514,-0.13281083106995,0.17613556981087,-0.018307480961084,-0.057711627334356,-0.054496325552464,-0.082700841128826,-0.057900127023458,-0.015207885764539,0.058304682374001,-0.069262124598026,-0.0036338951904327,0.024341948330402,0.077291056513786,-0.057729844003916,0.0076774321496487,-0.065125852823257,0.2128943502903,-0.079198054969311,-0.10180091112852,-0.13687427341938,0.013680540025234,0.062458094209433,0.018820010125637,-0.023098459467292,-0.08967999368906,0.084224410355091,0.029348317533731,-0.024501061066985,0.24853523075581,-0.056184623390436,-0.075990505516529,-0.1115115582943,0.11999706923962,0.16080847382545,-0.095424480736256,0.041683819144964,0.0041622132994235,-0.044799409806728,-0.15714885294437,0.033082783222198,-0.0020336043089628,0.11535005271435,0.02983570471406,0.0021472836378962,-0.05836371332407,-0.1168082728982,0.087344460189342,-0.019653469324112,0.022966524586082,0.019033281132579,0.059773936867714,-0.011002283543348,0.052725344896317,-0.043653208762407,-0.00098754477221519,0.07935956120491,-0.042462412267923,0.065631076693535,0.054094407707453,0.035961288958788,-0.061588849872351,-0.039119623601437,0.0068419370800257,-0.059033133089542,0.022877559065819,-0.040052879601717,0.15497671067715,0.20466977357864,0.040680926293135,0.084573857486248,-0.11221129447222,-0.08414376527071,0.015292489901185,0.0025803511962295,-0.020269148051739,-0.086002565920353,0.17129607498646,-0.044885061681271,-0.019399845972657,0.052038334310055,-0.037969343364239,-0.048771563917398,0.03063078597188,-0.019971992820501,0.074406921863556,-0.10896036028862,0.077301412820816,0.13876713812351,-0.10117206722498,-0.083412766456604,0.1384115666151,-0.091215595602989,0.11681165546179,0.078403785824776,0.11768789589405,0.11035803705454,0.035859268158674,-0.015666542574763,0.14134623110294,-0.077742010354996,0.13520130515099,0.087563715875149,0.037194766104221,-0.11033944040537,-0.011101509444416,0.10223434120417,0.018324606120586
0.10017643868923,-0.049268465489149,-0.032386846840382,0.00027256039902568,0.082911930978298,0.076833069324493,-0.076808400452137,-0.064119465649128,-0.16664880514145,-0.11998047679663,0.0054682921618223,0.065653502941132,0.075972147285938,0.030433610081673,-0.12863349914551,0.097587741911411,-0.062792763113976,0.056125678122044,-0.082867465913296,0.10605227947235,0.2051765024662,-0.033281072974205,0.22368891537189,-0.042051624506712,0.010963334701955,0.038260605186224,-0.037953544408083,-0.095837645232677,-0.019359322264791,0.041560586541891,-0.042210292071104,0.035437308251858,-0.070704787969589,0.020554147660732,-0.043555404990911,-0.043240275233984,-0.16569249331951,0.17143531143665,0.070416562259197,0.012255549430847,-0.12657716870308,0.10364940017462,-0.027156744152308,0.061951737850904,-0.10966992378235,-0.11138930916786,0.095022179186344,-0.051334843039513,-0.033610165119171,0.16223976016045,0.091383509337902,0.018344383686781,-0.093284279108047,0.10986073315144,0.0083238892257214,-0.14160326123238,0.19844350218773,0.098287530243397,0.035664930939674,-0.11977802217007,0.032409962266684,0.021255500614643,0.14585542678833,0.034736219793558,0.0052901445887983,-0.10857749730349,-0.044936556369066,0.11594657599926,0.01846456900239,0.14196546375751,0.049825113266706,0.14298579096794,0.044989995658398,0.077639684081078,-0.090286858379841,-0.071276754140854,-0.051947332918644,-0.13787898421288,-0.02391454949975,0.13646519184113,0.036074478179216,-0.0064725060947239,0.058184839785099,-0.035785753279924,-0.096781186759472,-0.052409384399652,0.030131936073303,0.057340320199728,0.049174305051565,-0.11111597716808,0.018520580604672,-0.036664791405201,-0.053200654685497,0.010050493292511,0.020248038694263,-0.088412225246429,-0.027690429240465,0.23610551655293,-0.079654440283775,-0.017932690680027,-0.0091732377186418,0.050842262804508,0.003685335163027,0.16910821199417,0.02322699315846,0.00045341326040216,-0.075447730720043,0.12248530238867,0.15895558893681,-0.11651067435741,-0.025573106482625,0.12610270082951,-0.068862341344357,0.1370076239109,0.060340832918882,0.1025023907423,0.028951721265912,0.022265903651714,0.009286729618907,0.090989500284195,-0.058009322732687,0.074265874922276,0.046080909669399,-0.09850000590086,-0.076793998479843,-0.016319962218404,0.066875331103802,0.099957481026649
0.079139374196529,-0.016605090349913,-0.082717798650265,-0.024602936580777,0.071314305067062,-0.0042001116089523,-0.085527651011944,-0.045845039188862,-0.11200369149446,-0.049231924116611,0.099239207804203,0.066964313387871,0.12989777326584,0.090770527720451,-0.11838462203741,0.15596799552441,-0.012862855568528,0.052155930548906,-0.12871542572975,0.17209386825562,0.13616555929184,-0.029560640454292,0.17504444718361,-0.024323305115104,-0.009303841739893,0.066377520561218,0.055616687983274,0.025123344734311,0.022411316633224,0.064671717584133,-0.11349431425333,0.11003483086824,0.038987927138805,0.088408969342709,-0.13800553977489,-0.025172855705023,-0.062063056975603,0.17305128276348,0.059193626046181,0.012627655640244,-0.093763537704945,0.0163101144135,0.099135838449001,0.037661883980036,-0.11717096716166,-0.16798284649849,0.09604761749506,-0.019199704751372,-0.0082428539171815,0.17665863037109,0.083400882780552,-0.029120337218046,-0.16704338788986,0.1589070558548,0.051890075206757,-0.095698297023773,0.10109393298626,0.023507149890065,0.042833626270294,-0.095408976078033,-0.051587998867035,-0.067938439548016,0.12009626626968,0.044891655445099,-0.071182169020176,0.024305336177349,-0.083896324038506,0.095329061150551,0.018670858815312,0.042369659990072,-0.004924934823066,0.052924998104572,0.049064114689827,0.086952738463879,0.042160227894783,-0.086250364780426,0.043928746134043,-0.085304521024227,-0.067636176943779,0.026145800948143,0.11029447615147,-0.00099951459560543,0.075816281139851,-0.030605874955654,-0.084234602749348,0.077304840087891,-0.0043605621904135,0.063657350838184,0.12304829806089,-0.017345435917377,0.012954250909388,-0.10871533304453,-0.12338424474001,0.028028870001435,0.015950119122863,-0.054190620779991,-0.12988436222076,0.21073122322559,-0.02167528308928,-0.073556020855904,-0.033636074513197,-0.017819276079535,0.07634162902832,0.18854032456875,0.022225867956877,0.049543187022209,-0.10473554581404,0.13661278784275,0.13012440502644,-0.18255506455898,-0.068524740636349,0.1617635935545,-0.03684600815177,0.18672356009483,0.01495523378253,-0.0092185465618968,0.070966027677059,0.029812635853887,0.021904168650508,0.074428975582123,0.0038213033694774,0.066288203001022,0.099324248731136,-0.024949602782726,-0.095985732972622,-0.027618056163192,0.067157097160816,0.093429863452911
0.054599065333605,-0.10944642871618,-0.03966049104929,-0.0099464161321521,0.11141797155142,0.040939662605524,-0.10814284533262,-0.013948943465948,-0.13947586715221,-0.082096956670284,-0.027905127033591,0.087282240390778,0.052987813949585,0.029503054916859,-0.10319016873837,0.081167541444302,-0.09262727946043,0.02627432346344,-0.028818091377616,0.21112789213657,0.1843002140522,-0.10304550081491,0.20638564229012,-0.038825955241919,-0.0017138771945611,0.066123761236668,-0.038775205612183,-0.10468303412199,-0.070802688598633,-0.0013682971475646,-0.059079099446535,-0.0051157488487661,-0.029050791636109,0.047086268663406,-0.025372190400958,0.057361964136362,-0.10618766397238,0.14898087084293,0.0091308280825615,-0.093961589038372,-0.10622406005859,0.063816592097282,0.038649260997772,0.051982194185257,-0.10572993010283,-0.10770358890295,0.14275923371315,-0.0024967051576823,-0.020276492461562,0.2177457511425,0.013817716389894,-0.076602935791016,-0.12737160921097,0.13309240341187,0.1676481962204,-0.12394678592682,0.10469636321068,0.049678098410368,-0.0073088649660349,-0.14056052267551,0.059648144990206,0.010467645712197,0.15358103811741,0.024422371760011,0.064822442829609,-0.084328375756741,-0.098194658756256,0.11421069502831,0.047286201268435,0.13931947946548,0.028541069477797,0.16307578980923,0.031857911497355,0.074396997690201,-0.086665131151676,-0.06356605887413,0.013402739539742,-0.017201052978635,0.047632902860641,0.036718443036079,0.0083956010639668,0.015032153576612,0.01279363874346,-0.028871359303594,-0.097643151879311,-0.056219715625048,0.011427651159465,0.18524178862572,0.17378984391689,-0.033736810088158,0.073569908738136,-0.024217603728175,-0.049072977155447,0.0055203107185662,0.0066072251647711,-0.064863674342632,-0.036752212792635,0.21461795270443,-0.072982758283615,-0.044306669384241,-0.014333590865135,0.00072112411726266,-0.027175504714251,0.0083756446838379,0.024483095854521,0.075468711555004,-0.0948321595788,0.046145182102919,0.11041006445885,-0.06260147690773,-0.075636468827724,0.14148131012917,-0.037509124726057,0.11192440241575,0.089322105050087,0.056877709925175,0.12074755877256,-0.04267492890358,-0.023639813065529,0.086889564990997,-0.04443072155118,0.10830176621675,0.11990700662136,-0.045051250606775,-0.11615851521492,-0.0043624648824334,0.12428065389395,0.085203930735588
0.061050333082676,-0.12002641707659,-0.07519169896841,0.0018185015069321,0.1079196408391,0.018378702923656,-0.10566591471434,-0.019360771402717,-0.075984664261341,-0.12337151169777,-0.015930376946926,0.11515166610479,0.043643817305565,0.0091368928551674,-0.17405273020267,0.08017785102129,-0.10553692281246,0.015776544809341,-0.058880694210529,0.1918088644743,0.22538687288761,-0.11745178699493,0.1968415081501,-0.029152451083064,0.016373384743929,0.055529735982418,0.002355100819841,-0.10598590224981,-0.071199730038643,0.036192197352648,-0.056791238486767,0.001110433251597,-0.010426381602883,0.040059227496386,-0.058256190270185,0.011339321732521,-0.14468523859978,0.14904691278934,0.020761525258422,-0.086634501814842,-0.1071429848671,0.056143682450056,0.015815936028957,0.064852803945541,-0.076022654771805,-0.1395977139473,0.095556110143661,-0.024975329637527,0.013743004761636,0.19147029519081,0.0075748725794256,-0.027248930186033,-0.084833659231663,0.11101750284433,0.13731469213963,-0.11840517818928,0.11629275977612,0.051960669457912,-0.031992740929127,-0.14882008731365,0.060993995517492,-0.023982590064406,0.1806026250124,0.067249767482281,0.014859535731375,-0.10006804019213,-0.10452628135681,0.12403771281242,0.059272933751345,0.12244394421577,0.021838737651706,0.12915712594986,0.0074847941286862,0.036406721919775,-0.088754028081894,-0.043488048017025,0.018314309418201,-0.058429900556803,-0.0028278077952564,0.097937919199467,-0.020349880680442,0.012930288910866,0.048061892390251,-0.012522883713245,-0.092936612665653,-0.044298868626356,0.029303086921573,0.17920176684856,0.16226163506508,-0.072181805968285,0.04542189091444,-0.042472906410694,-0.068947732448578,0.042782120406628,0.012578090652823,-0.078886620700359,-0.056109085679054,0.18810191750526,-0.053977828472853,-0.058265637606382,0.016075573861599,-0.017610009759665,-0.030342254787683,0.050997089594603,0.031955864280462,0.049965932965279,-0.083342634141445,0.069458059966564,0.098093539476395,-0.09158580750227,-0.063760541379452,0.13058657944202,-0.066942945122719,0.12375764548779,0.10128362476826,0.089316129684448,0.080677546560764,-0.010925528593361,0.019887616857886,0.10713165998459,-0.057486075907946,0.12314745038748,0.081889033317566,-0.073191083967686,-0.11117268353701,0.012094778008759,0.11885681003332,0.096862062811852
0.050311211496592,-0.060288678854704,0.054415322840214,-0.041204638779163,-0.014202540740371,0.02036670781672,-0.12772126495838,0.055674973875284,-0.12359866499901,-0.056873716413975,0.068785861134529,0.04388128221035,0.070726357400417,0.11722458153963,-0.051422592252493,0.045595400035381,-0.022798167541623,0.057902164757252,-0.020993048325181,0.090222418308258,0.15074816346169,-0.0030881364364177,0.18311336636543,-0.025004396215081,-0.0094774411991239,0.10183920711279,0.071828998625278,0.0047292984090745,-0.021782675758004,-0.024474056437612,-0.07948911190033,-0.051569268107414,0.083295732736588,0.070880390703678,-0.063949666917324,-0.019175106659532,-0.05596224591136,0.23437412083149,0.038652759045362,0.0025143048260361,-0.1225628554821,0.081788837909698,0.020801935344934,0.015774983912706,-0.12482162564993,-0.20305202901363,0.069820567965508,-0.1018588617444,-0.018491739407182,0.16315549612045,0.074383199214935,0.0098914029076695,-0.11118450760841,0.20637893676758,0.085050091147423,-0.066590115427971,0.16136364638805,0.012790462933481,0.010084763169289,-0.17619881033897,-0.023620259016752,-0.079311691224575,0.099481262266636,0.034053783863783,-0.024548394605517,0.029393913224339,-0.035062488168478,0.096970304846764,0.036547470837831,0.14598831534386,0.036887489259243,0.034668024629354,0.025258021429181,0.077699452638626,0.027287229895592,-0.10369734466076,-0.026550436392426,-0.10675118863583,0.018988838419318,0.017924182116985,-0.02741282992065,0.012821592390537,0.13062363862991,-0.044120892882347,-0.034225545823574,-0.051063604652882,0.03822648525238,0.11363526433706,0.1731413602829,-0.029449181631207,0.0049023721367121,-0.091280966997147,-0.016227310523391,0.023558372631669,0.04229898005724,-0.11108721792698,-0.066752038896084,0.23379534482956,-0.065159164369106,-0.043559148907661,-0.049189530313015,0.061306588351727,0.040753345936537,0.088614366948605,0.053238335996866,0.044168241322041,-0.043020252138376,-0.024768650531769,0.14271348714828,-0.21575623750687,-0.064926736056805,0.12562833726406,-0.031911760568619,0.13495117425919,0.10657097399235,0.020392464473844,0.12802012264729,-0.075154639780521,0.039837449789047,0.035480573773384,0.028628764674067,0.033385813236237,0.078142538666725,-0.088714636862278,-0.01866983063519,-0.013899388723075,0.21294182538986,0.16515523195267
0.079523928463459,-0.074814759194851,0.052178394049406,0.003330942010507,-0.028122026473284,-0.001163158682175,-0.10264333337545,0.067885138094425,-0.1097292304039,-0.042042501270771,0.11439394950867,0.024493267759681,0.10452674329281,0.12282846868038,-0.052235584706068,0.050478491932154,0.030674662441015,0.034616388380527,-0.059682499617338,0.14169116318226,0.1710516512394,-0.094092920422554,0.10698629170656,0.047517277300358,0.02551144361496,0.11056176573038,0.034788519144058,0.013088194653392,0.0047900062054396,-0.038088444620371,-0.045836664736271,0.013246197253466,0.034202236682177,0.088654190301895,-0.12497425079346,0.013244577683508,-0.083012998104095,0.2439621090889,0.032412201166153,-0.051921829581261,-0.092519260942936,0.052607715129852,0.011656501330435,0.015915401279926,-0.049691922962666,-0.23751403391361,0.057190947234631,-0.07401579618454,-0.025099067017436,0.088949926197529,0.046406861394644,0.00039576119161211,-0.12430983781815,0.16055725514889,0.11135923862457,-0.057161018252373,0.04348374158144,0.043299991637468,0.052082803100348,-0.21333974599838,-0.02190987020731,-0.091011427342892,0.092428989708424,0.036583315581083,-0.071230113506317,0.11518575251102,-0.0075036948546767,0.087095819413662,0.036974061280489,0.080113992094994,0.010518044233322,0.028984691947699,0.02958664111793,0.075649417936802,0.032956980168819,-0.14692208170891,0.024195451289415,-0.050451293587685,0.031228203326464,0.045566994696856,-0.047297284007072,0.0031543727964163,0.09968052059412,-0.13287454843521,-0.026373272761703,-0.038814064115286,0.055260211229324,0.12048999220133,0.1953911781311,-0.045493930578232,0.028505200520158,-0.094003051519394,-0.0078806737437844,0.034192692488432,0.019812030717731,-0.095056615769863,-0.045342843979597,0.15597730875015,-0.043858628720045,-0.069071888923645,-0.066848516464233,0.038442559540272,0.034441750496626,0.11289225518703,0.010209427215159,0.093242675065994,-0.050887648016214,-0.00026479375082999,0.17060886323452,-0.25433254241943,-0.086204297840595,0.17188923060894,-0.088896684348583,0.13110719621181,0.15396167337894,-0.016672503203154,0.07917595654726,-0.10495573282242,0.042682629078627,0.018225315958261,-0.014057577587664,0.058140635490417,0.069096229970455,-0.02360719256103,-0.02995222620666,-0.0082686338573694,0.18814300000668,0.115004517138
0.10862851142883,-0.0079341689124703,-0.085096836090088,-0.0054831565357745,0.086616173386574,0.039259977638721,-0.060241553932428,-0.084895610809326,-0.07350442558527,-0.15051117539406,0.078083798289299,0.049295108765364,0.092554248869419,0.010608699172735,-0.22323034703732,0.11903378367424,-0.063472405076027,0.13310192525387,-0.14758776128292,0.11170427501202,0.26783525943756,-0.027087725698948,0.16213290393353,0.0087207872420549,-0.0027735487092286,-0.026181431487203,-0.0038094418123364,-0.054678406566381,0.044366966933012,0.13203221559525,-0.088273368775845,0.016515992581844,-0.036029778420925,0.01856535486877,-0.018748603761196,-0.083727903664112,-0.13681119680405,0.11056867986917,0.078304722905159,-0.022668048739433,-0.13999928534031,0.083830393850803,0.024162096902728,0.1058633774519,-0.077378787100315,-0.15045866370201,0.082332842051983,-0.014619084075093,-0.039756748825312,0.14364722371101,0.022126652300358,0.012268118560314,-0.078301839530468,0.10654499381781,-0.026963455602527,-0.10842955857515,0.16278374195099,0.06395073980093,-0.0034643351100385,-0.13274167478085,0.031683392822742,0.0085018686950207,0.2012842297554,0.082388408482075,-0.088467419147491,-0.086815193295479,-0.062586635351181,0.054011814296246,0.022843673825264,0.054441433399916,0.027016967535019,0.040422394871712,0.042208828032017,0.0058022290468216,-0.081430874764919,-0.073837392032146,-0.021588068455458,-0.12008940428495,-0.065811038017273,0.097018867731094,0.090061567723751,0.045699741691351,0.020594581961632,-0.026015222072601,-0.077956989407539,0.087680771946907,-0.035063616931438,0.014635833911598,0.051355853676796,-0.053511716425419,0.064878351986408,-0.092639528214931,-0.13114054501057,0.009064563550055,0.035831205546856,-0.093446508049965,-0.14108753204346,0.22988450527191,-0.057545777410269,-0.036671806126833,0.057302188128233,0.0033133472315967,0.048691008239985,0.161969140172,0.036375846713781,0.023555286228657,-0.025285698473454,0.15482802689075,0.11772064864635,-0.10841741412878,-0.0081308567896485,0.077737830579281,-0.063856482505798,0.16046054661274,0.013154965825379,0.10891330987215,0.0041432739235461,0.066758707165718,0.02286933735013,0.048789750784636,-0.075796015560627,0.057152207940817,0.0257233902812,-0.074028089642525,-0.12477331608534,-0.0019379599252716,0.02575077675283,0.069645412266254
0.026843164116144,-0.028888719156384,-0.053607832640409,-0.049870070070028,0.081360496580601,-0.008452276699245,-0.072660185396671,-0.016301142051816,-0.17634309828281,-0.037625908851624,-0.006212520878762,0.06405421346426,0.093836568295956,0.068881019949913,-0.1304432451725,0.10732213407755,-0.06970252096653,0.028327284380794,-0.08441548794508,0.19401744008064,0.15248095989227,-0.15134391188622,0.20697577297688,-0.050089124590158,-0.011302865110338,0.056636098772287,-0.011010895483196,-0.019626196473837,-0.0043759988620877,-0.0052039558067918,-0.11031767725945,0.014083952642977,-0.021254619583488,0.037514623254538,-0.10273970663548,-0.016376556828618,-0.11952020972967,0.21628387272358,0.014771709218621,-0.038276206701994,-0.11759601533413,0.048822231590748,0.077629595994949,0.02285460755229,-0.090309731662273,-0.10514725744724,0.12969097495079,-0.0172213409096,-0.069107726216316,0.18622408807278,0.018217630684376,-0.07348395138979,-0.16301527619362,0.13129322230816,0.08608590811491,-0.1083834990859,0.10351795703173,0.08971443772316,0.012217376381159,-0.12971162796021,0.046563852578402,0.020057355985045,0.15274247527122,0.045065265148878,0.036439158022404,0.005808831192553,-0.13033026456833,0.11310360580683,-0.0031505620572716,0.068504795432091,0.01748882420361,0.1250112503767,0.052220165729523,0.11666066199541,-0.0016268230974674,-0.049879726022482,0.036221489310265,-0.05221102014184,0.033456400036812,-0.013849299401045,-0.0059119965881109,-0.027289746329188,0.019438432529569,-0.031736385077238,-0.14319318532944,-0.0046403547748923,-0.0079258559271693,0.14143289625645,0.17348781228065,-0.057869337499142,0.028133293613791,-0.072586089372635,-0.024678928777575,-0.010710569098592,0.046294718980789,-0.069604583084583,-0.055758077651262,0.22833353281021,-0.04362965002656,-0.039387963712215,-0.054761841893196,-0.026793101802468,-0.0054347016848624,0.12097992748022,0.01829519867897,0.079997926950455,-0.11007151007652,0.13203810155392,0.11977755278349,-0.17017357051373,-0.061921950429678,0.17304222285748,-0.01482455804944,0.16437129676342,0.055533330887556,0.037708427757025,0.060940507799387,0.040600884705782,0.018693031743169,0.086966685950756,-0.085001014173031,0.077654674649239,0.06362596899271,-0.038268551230431,-0.1237176656723,0.0041625932790339,0.016124615445733,0.042731739580631
